FirstName,LastName,Email,Password,DateOfBirth,Address,PhoneNumber,,,
Liam,Johnson,liam.johnson01@example.com,u#3YvNpP@9Wd,1983/05/12,742 Evergreen Terrace,555-0101,,,
Emma,Williams,emma.williams02@example.com,e$K8tMbL!1Zc,1990/03/22,123 Maple Street,555-0102,,,
Noah,Brown,noah.brown03@example.com,f@7RpGvM^2Qc,1985/11/03,456 Oak Avenue,555-0103,,,
Olivia,Jones,olivia.jones04@example.com,d%9WyVzT&3Np,1992/08/15,789 Pine Road,555-0104,,,
Elijah,Davis,elijah.davis05@example.com,h#1LpNrT@0Yz,1978/01/30,159 Cedar Blvd,555-0105,,,
Ava,Miller,ava.miller06@example.com,k^2XpMfQ#6Ac,1987/06/18,321 Birch Way,555-0106,,,
James,Garcia,james.garcia07@example.com,w@5DnRuV&4Ez,1991/09/07,654 Walnut Drive,555-0107,,,
Sophia,Martinez,sophia.martinez08@example.com,t#6UyHwN!5Bd,1980/04/25,951 Willow Lane,555-0108,,,
Benjamin,Lopez,benjamin.lopez09@example.com,p$3KrGjX*8Qw,1989/12/11,888 Elm Street,555-0109,,,
Isabella,Hernandez,isabella.hernandez10@example.com,b&4FxNzM%7Ka,1993/10/19,333 Magnolia Circle,555-0110,,,
Lucas,Moore,lucas.moore11@example.com,z!2LvDfJ@3Sn,1982/03/03,117 Redwood Blvd,555-0111,,,
Mia,Clark,mia.clark12@example.com,n^8GwVzK$9Lt,1986/07/28,222 Cypress Ave,555-0112,,,
Henry,Rodriguez,henry.rodriguez13@example.com,g@1XkMbP*5Rt,1979/02/20,678 Alder Street,555-0113,,,
Charlotte,Lewis,charlotte.lewis14@example.com,s#3PjQrT!0Yx,1988/05/14,847 Palm Lane,555-0114,,,
Alexander,Lee,alexander.lee15@example.com,m%6HkLzV@7Ua,1990/11/27,140 Sequoia Ct,555-0115,,,
Amelia,Walker,amelia.walker16@example.com,c!9FvPwB^4Tx,1984/09/16,365 Aspen Way,555-0116,,,
William,Hall,william.hall17@example.com,v^4XpJdK!2Nz,1981/12/05,709 Hickory Lane,555-0117,,,
Harper,Allen,harper.allen18@example.com,j$5MqKtF#6Wd,1992/01/10,587 Laurel Rd,555-0118,,,
Ethan,Young,ethan.young19@example.com,a&8QxVnL@3Wc,1983/04/21,293 Fir Street,555-0119,,,
Evelyn,King,evelyn.king20@example.com,u#2TzKfM!9Rp,1991/06/30,411 Poplar Blvd,555-0120,,,
Daniel,Wright,daniel.wright21@example.com,f%7NwJzR^0Tc,1977/10/11,110 Maple Terrace,555-0121,,,
Abigail,Scott,abigail.scott22@example.com,b@6RpQnL*2Mz,1989/08/04,673 Cedar Hollow,555-0122,,,
Matthew,Torres,matthew.torres23@example.com,d^5LqFwM@4Tc,1986/02/28,227 Sycamore Rd,555-0123,,,
Ella,Nguyen,ella.nguyen24@example.com,k#1TzMpJ!6Xv,1985/07/12,958 Dogwood Ln,555-0124,,,
Joseph,Green,joseph.green25@example.com,s@3XpVjL$8Nz,1982/09/18,120 Chestnut Ave,555-0125,,,
Emily,Baker,emily.baker26@example.com,h^8NzVxK@1Mc,1993/03/08,604 Pine Hollow,555-0126,,,
David,Nelson,david.nelson27@example.com,t&9VkWrN#0Pf,1978/06/22,445 Olive Court,555-0127,,,
Scarlett,Carter,scarlett.carter28@example.com,c!2XpLfK*9Db,1990/12/17,336 Spruce Ave,555-0128,,,
Logan,Mitchell,logan.mitchell29@example.com,p@4RzJtM%6Vc,1987/11/29,870 Elmwood Drive,555-0129,,,
Grace,Perez,grace.perez30@example.com,l#7VxNjK@3Tr,1981/01/13,550 Sycamore Grove,555-0130,,,
