FirstName,LastName,Email,Password,DateOfBirth,Address,PhoneNumber
Andrea,Franco,mary.gallagher1@example.com,pb4URn0Hd$EC,1/10/2002,"31773 Roman Field Apt. 666 Adriennemouth, NH 21517",555-1001
Jason,Davis,thomas.clark2@example.com,5_7H_meMTGwP,4/15/1995,"PSC 7225, Box 0537 APO AA 26627",555-1002
Jamie,Smith,katherine.gates3@example.com,_OgEhlVZ21c(,2/19/1997,"8638 Tina Creek New Robyn, IL 01806",555-1003
Destiny,Maxwell,randy.frazier4@example.com,mh5jZoYuB!up,7/12/1998,"2724 Ryan Tunnel Walkermouth, IL 85749",555-1004
David,Jefferson,makayla.butler5@example.com,^%0SxS*QR_r0,3/4/2000,"256 Angela Island Joseview, OK 89588",555-1005
Denise,Wood,gary.walker6@example.com,5SWbXj#Jhi%h,6/4/2004,"1955 William Neck Suite 803 Kochfurt, MS 00714",555-1006
Anthony,Miller,andres.snyder7@example.com,9*9KQQul_06p,12/3/2001,"762 Flores Flat Fordberg, DC 95872",555-1007
Blake,Jones,jacqueline.davis8@example.com,9&dr*FJc^1KK,11/29/2001,USS Hughes FPO AA 89359,555-1008
Amanda,Johnson,matthew.barnes9@example.com,ndUIguC0(8Ro,6/12/1995,"3200 Richard Via Suite 342 Port Angela, VA 03316",555-1009
Gloria,Campos,michele.kim10@example.com,F&+2c9BvDyn%,10/22/1998,"7318 Christina Wells Suite 372 North Becky, CT 32524",555-1010
Shawna,Ibarra,robert.serrano11@example.com,do978FGtw4)H,7/13/2004,"50999 Mcdonald Village Annstad, OR 06989",555-1011
Troy,Acosta,michelle.woods12@example.com,)J4pnxFe)Q%9,3/10/1997,"42833 Leslie Fork Lake Tonibury, MO 38847",555-1012
Marcus,Griffith,jeffrey.jones13@example.com,Y$5BiRz8lJ_w,1/1/2004,Unit 4652 Box 8957 DPO AP 01547,555-1013
Julie,Sharp,anna.davis14@example.com,_YaenBxmhq*6,6/23/2005,"93428 Natalie Summit Veronicahaven, MD 29313",555-1014
Stephen,Bruce,savannah.hall15@example.com,*sNVgJbj*3qY,8/2/1996,"84544 Felicia Flat Suite 467 Amandaberg, TX 22733",555-1015
Hayden,Scott,caleb.gonzalez16@example.com,61#zRl3_*fiF,10/1/1995,"2737 Shelly Tunnel Apt. 636 Fullerhaven, IL 74938",555-1016
Bryan,Montes,craig.ramirez17@example.com,@FTJApmD12S*,7/14/1994,"6408 Anna Estate Suite 735 West Alexanderland, AR 07093",555-1017
Darin,Ali,elizabeth.collins18@example.com,@V!^GYXi3t(k,8/21/2004,"74949 Daniel Track Apt. 827 Michaelstad, MA 21020",555-1018
Edward,Bradshaw,donna.jenkins19@example.com,kO$4vOzbZnUb,6/17/2005,"164 Delacruz Springs Suite 613 Lake Roberta, NJ 54657",555-1019
Timothy,Murphy,jennifer.powell20@example.com,$2_gD1OoDlGg,4/7/2004,"500 Powell Crescent Stewartchester, MT 42742",555-1020
Christopher,Poole,kimberly.hunt21@example.com,7#Xv0L#pyl7+,2/1/2007,"2174 Mcguire Path South Mariaport, PA 24081",555-1021
Amanda,Cook,elizabeth.jones22@example.com,!j&xrNBoY2*h,3/13/2007,"780 Reynolds Well New Anthony, PA 83210",555-1022
Kenneth,Garza,ronald.stafford23@example.com,%p3j7Ohg578i,8/9/1997,"27591 Dalton Crossroad Evanberg, IA 10536",555-1023
Erica,Martin,alicia.willis24@example.com,#3j9LYulG#7A,9/7/1994,"895 Sanders Route Suite 450 Huntport, TX 71470",555-1024
Brian,Maxwell,veronica.gregory25@example.com,LmH!u7Th#2uC,10/24/2004,"579 Cantrell Parkways Port Anitachester, VI 95464",555-1025
Ronald,Evans,stefanie.martinez26@example.com,(3Z_*b!Fd%+x,1/20/2003,"6296 Jesse Fields West Kimberly, PR 12666",555-1026
Cassandra,Hudson,lori.huff27@example.com,zxmllF1e++5p,9/11/2002,"216 Wendy Street Suite 865 West Kennethborough, AL 10368",555-1027
Brandon,Kelly,ashlee.jordan28@example.com,p%7OWD%F$t6O,9/24/2001,"710 Stewart Mount Suite 678 Davidfort, GA 40094",555-1028
Christopher,Stephens,todd.murray29@example.com,JG3HLeyb^QLe,2/26/2003,"52842 Diana Cliff Smithmouth, NM 11069",555-1029
Marilyn,Wilson,lisa.reed30@example.com,Gl)&zYpUt9yC,8/21/1994,"2550 Munoz Shoals Apt. 716 Antonioton, HI 83108",555-1030
Tara,Roberts,justin.shaw31@example.com,(pwExJSc%8W@,9/8/1995,"361 Christy Springs Apt. 686 Wattsfort, NJ 77270",555-1031
Regina,Morgan,jessica.kelly32@example.com,Tdo6Y^Wz_mk5,10/31/2006,"541 Yvette Station Apt. 442 Port Laura, AK 08264",555-1032
Molly,Hunt,steven.russell33@example.com,C_OP+zk8_P2Z,2/22/2005,"6217 Stark Streets West Mariaburgh, WA 34778",555-1033
Robert,Walker,maria.irwin34@example.com,P1)HpI2_8sT!,3/5/2004,"6202 Vincent Lodge Apt. 099 Lake Danny, UT 13903",555-1034
Pamela,Ballard,benjamin.robertson35@example.com,93*0SDflT)K),8/13/2006,"2176 Chavez Radial Apt. 444 Shaunland, NH 37942",555-1035
Jennifer,Fletcher,charles.mosley36@example.com,k%nlGZRs*65m,4/29/1998,"6345 Jose Field Apt. 973 Kellymouth, IN 86052",555-1036
Alicia,Mckinney,jeremiah.thomas37@example.com,juM9DStAamb*,11/27/2004,"880 Foster Road Stevensonburgh, WA 66310",555-1037
Timothy,Nguyen,robert.anderson38@example.com,@eEi$(#CH5jh,8/9/2006,"306 Jason Prairie Jessemouth, OK 03444",555-1038
Christopher,Reid,linda.carlson39@example.com,@X08GquHh4wU,12/28/1995,Unit 9324 Box 1199 DPO AE 77834,555-1039
Carla,Snyder,pamela.krueger40@example.com,j%J9vBn0&5oA,2/21/2007,"07894 Smith Lock Apt. 148 South Steven, DC 01234",555-1040
Derek,Richards,paul.randall41@example.com,KI$FJ#syODr1,2/24/2006,"8306 Jennifer Spring Suite 237 Erinbury, NH 84954",555-1041
Lauren,Ward,steven.osborne42@example.com,4v)rNqlU^ol4,5/11/2000,"3503 Douglas Loop Millerbury, ND 79064",555-1042
David,Bennett,james.parker43@example.com,#NAME?,7/13/1995,"434 Nguyen Road New Whitney, NE 69758",555-1043
Heidi,Woods,francisco.simpson44@example.com,(3L1ZPsoZB@p,8/8/2006,"719 Eddie Crossing North Gabrielbury, CT 40042",555-1044
Morgan,Parsons,dorothy.young45@example.com,_2!8Cdh)6rYE,1/31/1998,"3126 Church Mountains Apt. 907 New Joyhaven, HI 64588",555-1045
Jessica,White,todd.steele46@example.com,_X2zL9Yr0&Aj,11/29/1999,"6266 Martin Center Cherylstad, SC 81008",555-1046
Stephanie,Garcia,jonathan.barnes47@example.com,b7Nw1QAjpL%),5/13/1998,"6386 Donald Junctions Apt. 896 Danielland, WY 40548",555-1047
Travis,Rodriguez,bryan.gallagher48@example.com,7YwlXn#3_+qE,3/21/2005,"PSC 9531, Box 6120 APO AP 12618",555-1048
Steven,Hogan,eric.combs49@example.com,xmec(Gh5(3sL,10/17/2004,USS Hoover FPO AP 59219,555-1049
Nathan,Hood,jordan.weber50@example.com,VgqAurKfx$4e,7/5/2000,"824 Roy Junction Apt. 352 Vanceburgh, TX 59306",555-1050
Scott,Scott,samantha.white51@example.com,g0R5TbzT@_um,4/21/2000,"1344 Wood Landing Apt. 058 West Jenniferchester, GU 80529",555-1051
Victoria,Miller,william.mccormick52@example.com,se4GuUA%(6Dp,10/21/1996,"027 Amanda Road Gallaghershire, MI 43275",555-1052
Christopher,Thomas,dennis.pacheco53@example.com,*e!7qevP!a)O,10/7/1995,"95690 Buckley Glens Suite 664 Kingmouth, PA 63592",555-1053
Jennifer,English,mark.allen54@example.com,06e9Wq3D#67_,5/25/2004,Unit 3526 Box 3986 DPO AP 69240,555-1054
Kenneth,Sims,abigail.carpenter55@example.com,+s3rKCCj&&YV,3/30/2005,"PSC 9625, Box 8755 APO AA 16331",555-1055
Thomas,Turner,catherine.harrington56@example.com,4!h3Ak_Qw*w6,12/30/1994,"5109 Edwards Camp Lake Valerie, PW 77222",555-1056
Cory,Rodriguez,jennifer.mcgee57@example.com,o5_SV5f$O3x@,4/13/1997,"1637 Owens Expressway Suite 543 West Franciscoburgh, IA 83612",555-1057
Carla,Estes,nicole.bell58@example.com,&*VgH!&fyrW8,7/10/1998,Unit 4483 Box 6030 DPO AA 76367,555-1058
Curtis,Fuentes,jaime.brooks59@example.com,+gES1bcE+2Se,5/23/1994,"2201 Julie Place Apt. 233 Port Martha, RI 77745",555-1059
Jessica,Simpson,mark.pollard60@example.com,MApEnmff^z95,8/30/2001,"80420 Malik Mission Melissabury, TN 26668",555-1060
Curtis,Thompson,jay.smith61@example.com,0eY^qgU8pk9V,2/16/1997,"6857 Christopher Freeway Suite 359 East Donna, OR 60865",555-1061
Deborah,Davies,drew.nguyen62@example.com,*yRKga^B!09H,11/13/2004,"8193 Sarah Corner Suite 980 New Jasmineland, MP 93083",555-1062
Christopher,Young,rhonda.garcia63@example.com,K7(A4R0z_kxV,9/26/1994,"36840 Lowe Forges Port Brianmouth, CA 35561",555-1063
Jose,Lopez,dorothy.kidd64@example.com,+3VWwcNh8zAn,4/20/1996,"305 Lambert Extension Randallbury, WA 18933",555-1064
Joshua,Stevens,ashley.webster65@example.com,x%0^6QHwv086,10/5/1996,"6643 Taylor Stravenue Suite 601 Jameschester, TN 16488",555-1065
Christopher,Guerrero,robert.wood66@example.com,_mM7SGAmJ!r1,7/30/1994,"0993 Hood Lock Davisburgh, AK 81689",555-1066
Chloe,Taylor,mercedes.allen67@example.com,_)9X&qK4J5Ky,3/4/1998,"25847 Farmer Plaza Suite 758 North Justin, PA 82757",555-1067
Johnathan,Gonzalez,kristin.mullins68@example.com,^_8^NMLmWP(9,10/3/2004,"62131 Elizabeth Fields Apt. 964 South Robertchester, AR 42372",555-1068
Kristin,Ortiz,david.nunez69@example.com,#rYMsE2vZZ6v,5/3/2000,"63175 Katherine Groves Barronview, WY 61837",555-1069
Scott,Anderson,nicole.meyer70@example.com,q+OKcaY_tT8z,3/17/2003,Unit 6803 Box 5638 DPO AP 25217,555-1070
Peggy,Graves,sandra.hampton71@example.com,!&GMAYPu@*z9,12/19/1996,"9617 Guerra Crossroad Christyview, OH 55109",555-1071
Elizabeth,Morton,mark.cook72@example.com,+4laxosucIIS,5/13/1997,"208 Petersen Rapids Apt. 065 West Edwintown, AL 43897",555-1072
Jack,Perry,briana.pham73@example.com,@Ed&8mQzM04H,4/14/1997,"36704 Dana Unions Apt. 158 East Michael, PA 56935",555-1073
Brenda,Chen,gary.morrow74@example.com,R^x*8YKm+$9d,2/20/2005,USS Brewer FPO AA 19775,555-1074
Lisa,Hernandez,tyler.castro75@example.com,ljqQPHE8#8^*,11/9/2005,"71863 Russell Flat Carlychester, NM 60948",555-1075
Dana,Bradley,daniel.jones76@example.com,e3T0Jy&S_v5i,9/1/2005,"2632 Kevin Mount Lake Dannyville, IN 45212",555-1076
Amanda,Washington,james.hicks77@example.com,wRZ9&rOo+7nv,11/14/2001,"090 Thompson Brook Apt. 772 Coxborough, AZ 04804",555-1077
Alicia,Rice,matthew.ball78@example.com,1q5VcadTQ!30,2/27/2002,"0809 Robert Freeway Apt. 653 Jordanstad, AK 79289",555-1078
Travis,Jones,shannon.luna79@example.com,n(@K82Rlpw(+,5/5/1994,"24306 Wendy Junctions Apt. 047 Schaeferport, MN 85551",555-1079
Kevin,Carter,lori.mason80@example.com,Dx#AWqrni_6T,10/10/1998,"413 Gonzalez Plaza Suite 840 West Leslie, TX 62823",555-1080
Dawn,Curtis,richard.wilson81@example.com,(3nGb&1QIXLc,8/28/2004,"2207 Jesus Row Suite 816 Melissamouth, OH 49957",555-1081
Ivan,Boyd,robert.johnson82@example.com,@S_j5@UmmL(m,11/10/2000,"634 Donna Orchard Apt. 309 Taylorchester, PA 34290",555-1082
Melanie,Parsons,victoria.martinez83@example.com,_nZPVV$q6bHc,6/3/1994,"29740 Whitney Dam Lake Susanside, OH 03784",555-1083
Donna,Fowler,jenny.young84@example.com,_zQ_OL3nBO7J,11/28/2006,"248 Lindsay Freeway Suite 422 Welchland, MP 35066",555-1084
Elizabeth,King,alexis.young85@example.com,)P8HKIhswQ)I,8/23/2004,"456 Alison Wells West Justin, OK 21918",555-1085
George,Christensen,dustin.hanson86@example.com,xdIL3mlU@C5T,8/31/1997,"2340 Jeffrey Harbor Berrymouth, OR 69390",555-1086
Andrew,Lloyd,david.tucker87@example.com,T2XEmQKf&XwV,7/13/1999,"PSC 9055, Box 8088 APO AA 90321",555-1087
Emily,Nguyen,sandra.alvarez88@example.com,y0ZJb6p@*yA(,5/31/2003,"745 Daniel Fall Suite 768 Haleychester, SC 07026",555-1088
Brittany,Nguyen,dustin.roberson89@example.com,NRGk$Lrw%uE4,12/10/2003,Unit 4528 Box 5879 DPO AP 79932,555-1089
John,Mcclain,trevor.johnson90@example.com,izp6X%(k6Z!Q,6/29/2005,USCGC Fernandez FPO AA 91609,555-1090
Marie,Harris,becky.smith91@example.com,@(@OHCm8n8q&,10/21/2001,"686 Sean Courts Apt. 189 New Annhaven, NH 86209",555-1091
Amy,Aguilar,michael.santiago92@example.com,N+rMmnQf+380,12/8/2003,"51302 Wagner Bridge Russellburgh, AK 35318",555-1092
Karen,Campbell,courtney.west93@example.com,E@6lupAxNO^4,7/19/1995,"041 Lewis Lakes Apt. 089 Lake Patriciaside, AS 11451",555-1093
Lisa,Campbell,anna.hill94@example.com,(86BTCb@O@$G,5/25/2005,"5260 Kennedy Estate Costamouth, WI 84886",555-1094
Angela,Murphy,stephanie.white95@example.com,i_5OTSf1Zx1s,7/24/1996,"522 Logan Inlet New Laurenbury, PA 46825",555-1095
Jonathan,Stewart,tyler.jones96@example.com,&Iq1OwqU9W2G,7/22/2001,"58699 Shane Harbor Apt. 669 Nicholastown, UT 18412",555-1096
Steven,Murray,stephen.campbell97@example.com,8M&2Zj9#x&nm,12/21/2004,"77394 Brandi Spring Suite 655 South Gina, OR 50700",555-1097
Kristin,Ramos,bethany.lopez98@example.com,p6i1FIpa)mG),9/13/2004,"131 Washington Squares Apt. 957 Paulberg, NE 90358",555-1098
Timothy,Stone,sherry.kelly99@example.com,bfXIhGwl$v1K,3/15/2005,"0452 Sherri Roads East Feliciachester, MP 44683",555-1099
Leslie,Tyler,david.manning100@example.com,%w9Fo45Wk%TF,10/7/2000,Unit 9328 Box 5133 DPO AP 19601,555-1100
Drew,Bauer,emily.fitzpatrick101@example.com,meIUPo!H@8R6,9/26/1997,"607 Robert Square Apt. 763 Lake Eddie, PW 68114",555-1101
Michael,Martinez,christopher.miller102@example.com,I9z@iIl47*8I,11/28/1999,"236 Kelley Flat Suite 951 Rodriguezborough, AS 38536",555-1102
Kristina,Stewart,amy.crosby103@example.com,__j@J7Lat4H^,9/6/2005,"0090 Megan Rest Apt. 248 Lake Brandontown, KS 85018",555-1103
Steven,Perez,david.torres104@example.com,$+9M%cJieSuU,4/15/2006,"087 Tiffany Burgs Apt. 753 South Katelynberg, MS 66997",555-1104
Adrian,Reed,carlos.ali105@example.com,_F6GaZiknU17,3/14/2005,"4206 King Station East Linda, NC 17604",555-1105
Joanna,Moran,lawrence.hansen106@example.com,t@g!ZuHaZDL3,12/24/1994,"4459 Walker Knoll Suttonshire, PA 40449",555-1106
Pamela,Morrow,david.travis107@example.com,dYcZ+k5x@8NN,7/7/2003,"1290 Brenda Crossing Nealhaven, MS 19395",555-1107
Emily,Lambert,shawn.hunter108@example.com,#NAME?,9/11/2003,"1238 Sarah Lake New Nicholasstad, OR 45813",555-1108
James,Castro,nathaniel.fry109@example.com,bjhXI6lt@_4X,3/7/2002,"01035 Scott Fords Michealview, AR 16398",555-1109
Christina,Smith,jeremy.potts110@example.com,&@3_TucB4JIz,3/3/1996,"26456 Sean Inlet Suite 839 Vasquezfort, NM 82101",555-1110
David,Villarreal,lori.rivera111@example.com,3Y+5iFOL&qVx,1/28/1997,"4543 Castillo Manors Port Clintonhaven, PA 21587",555-1111
Noah,Graves,steven.hernandez112@example.com,llvXCX0r!*5*,2/3/1998,"95267 Green Manor East Jenniferberg, MN 06301",555-1112
John,Bean,lisa.phillips113@example.com,G_4EnUevl&V(,11/8/2004,"170 Kyle Lodge North Sarahfurt, KS 60379",555-1113
Suzanne,Martin,richard.andrews114@example.com,htFLNFit(6LI,1/9/1998,"411 Powers Crest North Billmouth, FM 40001",555-1114
David,Hess,cynthia.harvey115@example.com,!&4(zBy_%aBI,12/29/2001,"2358 Hall Key Apt. 964 New Kimberly, MT 71259",555-1115
Julie,Moore,james.robinson116@example.com,nXn8cAUd(7*S,6/14/1999,"87506 Anderson Course Jensenstad, DE 64041",555-1116
Amanda,Rose,anthony.copeland117@example.com,j$48ebX(Gr9q,3/13/2000,"1968 Donald Inlet South Meganburgh, MN 23073",555-1117
Jeffery,Alvarez,samuel.rodriguez118@example.com,WQABLmIg_eq0,10/16/1999,"5805 Michael Crossing Suite 405 South Garymouth, WI 18637",555-1118
Melissa,Owens,stephen.garcia119@example.com,$6^h9kGvI*D6,2/10/1996,"7592 Hayden Place Stoutfurt, DE 80845",555-1119
Marissa,Reynolds,jacob.thomas120@example.com,%Dn0eA5t628x,5/7/1995,"19815 Vincent Tunnel Apt. 395 Robertton, NY 47333",555-1120
Michael,Griffin,cynthia.landry121@example.com,#nC6A#Jb_yjv,5/24/2006,"55139 Robles Cape North Travis, ND 99902",555-1121
Kristy,Black,monica.ramirez122@example.com,+6ZMpsRc0eHR,4/28/1994,"800 Sarah Well Suite 456 New Sandra, NH 22493",555-1122
Bradley,Norris,jeffrey.caldwell123@example.com,nfb5Mmvh**(A,3/23/1995,"PSC 1346, Box 0833 APO AE 96623",555-1123
Ricky,Friedman,taylor.campbell124@example.com,)SEUUuhlVM9J,11/30/2003,"47634 Johnson Vista Suite 817 Paultown, NJ 03345",555-1124
Charles,Cline,alicia.duffy125@example.com,^8(FVLlB0uQo,5/12/1995,"0871 Williams Mountains Port Debra, NY 15068",555-1125
Pamela,Miller,chad.blanchard126@example.com,9i)xS@b7YT^7,3/20/1995,"446 Reginald Mission Bethport, PA 65191",555-1126
Ray,Bass,tommy.roman127@example.com,sdtHtf4y!Y7P,1/12/2000,"414 Mcdonald Rest Apt. 478 East Sarah, UT 41561",555-1127
Lori,Chandler,amy.foster128@example.com,)3FiGAw17kVO,8/1/1999,"8211 Bernard Stream Wilsonbury, MT 08407",555-1128
Jason,Diaz,kristen.davis129@example.com,ft_B2TEbI0vB,1/26/2002,"1235 Tate Inlet North Zachary, PW 84278",555-1129
Steven,Cortez,jonathan.finley130@example.com,@3et2RYvp@_&,9/15/1998,"3077 Wallace Path Suite 059 Montoyaville, MH 98421",555-1130
Jonathan,Browning,amanda.russell131@example.com,tysjEc9spA#5,8/4/2003,"155 Martinez Forges Suite 181 North Jonathan, VA 91671",555-1131
Christine,Frazier,jeffrey.henderson132@example.com,V9RTqW+gpxQ$,9/3/2003,"4057 Jenkins Knolls Suite 094 West Emily, MA 45356",555-1132
Christina,Jordan,alisha.madden133@example.com,l2SvtmTd+DZ8,5/8/2001,"4972 Tanya Canyon Apt. 158 Lake Samuelburgh, SD 09544",555-1133
Barbara,Cummings,tracy.may134@example.com,4m_7Ngp+&m6O,2/18/2001,"890 Debra Mews Apt. 331 Port Ryanfort, TN 86698",555-1134
Teresa,Bates,mary.miller135@example.com,9FPYAtF5*BY^,10/7/2005,"60478 Hendrix Loaf Suite 217 Jacobsonview, MA 62821",555-1135
Robert,Brown,robert.williamson136@example.com,n!w5t3Os31Ek,10/10/2004,"35310 Derrick Mountain Lake Toddborough, MP 44465",555-1136
William,Williams,laura.stanley137@example.com,*AD1VJNlFgI5,2/18/1996,USNS Gutierrez FPO AA 64985,555-1137
Jane,Jacobs,lori.russell138@example.com,&6rY@^jgD3Lf,5/23/2002,"5391 Anthony Motorway Michellefort, WY 31899",555-1138
Jennifer,Lopez,lacey.carlson139@example.com,_f0oUO7lJ7DY,11/28/1999,USCGC Turner FPO AE 44919,555-1139
James,Adams,francisco.smith140@example.com,#7OqLR!FVESG,1/3/1999,"411 Steven Mountain Apt. 192 Christopherborough, MS 35542",555-1140
Amber,Ramos,sean.mccarthy141@example.com,80db*wcs&SyN,9/30/1996,"051 Clark Gateway Suite 214 Choiside, IN 65929",555-1141
Jillian,Ortiz,nicholas.ortiz142@example.com,!38rp5FpwKJQ,8/15/1996,"98948 Rebecca Plaza South Melissashire, MA 61706",555-1142
Christopher,Bates,jessica.lester143@example.com,+JG)V8vi#x7p,9/27/1996,"007 Rasmussen Courts Suite 735 Port Aliceport, OR 04019",555-1143
Aaron,Cooper,brian.brown144@example.com,L!0usC*mnRUa,4/24/2006,"07932 Andrea Trace Suite 062 Lake Christopher, WY 74231",555-1144
Jose,Holland,stephanie.hill145@example.com,0XE3VItin)$#,1/11/2005,"809 Rivera Landing Stephanietown, AZ 40375",555-1145
Stephen,Cain,courtney.taylor146@example.com,12@v4Dkv_!hj,1/8/1999,"4767 Lester Court Apt. 802 New Lauren, VI 64743",555-1146
Charles,Riggs,brooke.wright147@example.com,)wG_ZPUcN_X4,12/14/2001,"18014 Barbara Drives Jordanburgh, HI 99181",555-1147
Heather,Hernandez,jon.santana148@example.com,zeKjqoY9!8IM,6/23/1997,"21573 Lopez Walks Aguilarland, DC 68961",555-1148
Paul,Henry,steven.gray149@example.com,BQ6VkqCG(16y,4/16/1997,"619 Landry Summit West Jesus, FM 28835",555-1149
Theresa,Mays,george.allen150@example.com,)x!KoG7(W757,2/28/1999,"7516 Michael Manor Kurtchester, WA 99582",555-1150
Michelle,Wilkinson,robin.king151@example.com,GuYa$$r%+G2p,11/12/2005,"4652 Payne Springs Lake Timothy, NM 32149",555-1151
Melissa,Rojas,brett.best152@example.com,r&D&WNfaaS4j,6/28/1999,Unit 2647 Box 4732 DPO AE 81567,555-1152
Chase,Clark,gary.johnson153@example.com,1M+U3^Esz((J,4/21/1994,"2168 Rachel Motorway Apt. 167 North Scottfort, NE 34908",555-1153
Christopher,Carter,brandy.lewis154@example.com,(v4DDw$yapA*,7/3/2002,"283 Cunningham Garden Suarezberg, NY 52854",555-1154
Sarah,Brown,pamela.burton155@example.com,X0$&kJnjix7R,7/22/1996,"6984 Tony Trail Jeremyview, MP 02899",555-1155
Phillip,Smith,christina.drake156@example.com,Pd4mv5Ik)0gT,2/20/2001,USS Mathis FPO AE 95159,555-1156
Amy,Hurst,jose.davis157@example.com,*%EPbGgi03O8,10/6/2006,"280 Fleming Mill Suite 101 Meganport, CT 21724",555-1157
Lauren,Robertson,travis.rich158@example.com,puD^ilW@A1oL,9/4/2000,"72109 Perez Glen Apt. 996 New Connietown, AK 42126",555-1158
Justin,Hill,ryan.wilkerson159@example.com,4XprOjGC!pF$,3/31/1999,"01498 Austin Valley Suite 064 East Raymond, VT 85958",555-1159
Eric,Huang,christopher.brady160@example.com,*6BRP3WsOaRo,4/10/2006,"6757 Mcintyre Park Apt. 722 Port Raymond, ID 62081",555-1160
Jamie,Krueger,gary.thornton161@example.com,8)H1TmuKsxJo,3/3/2003,"15922 Landry Crescent West Jefferybury, NM 19903",555-1161
Jason,Adams,jody.crawford162@example.com,3MMk8a8a_O7*,1/8/2004,"12277 Rodney Brooks Apt. 205 Roseview, NV 68858",555-1162
Robert,Thomas,emily.morris163@example.com,9^93woCAD+P8,12/23/1994,"86747 Aaron Knolls Haynesmouth, MD 45505",555-1163
Monica,Johnson,reginald.rich164@example.com,Q9EiEx$d&K+),4/30/2001,"90019 Christopher Mount Suite 518 West Morganland, ND 96261",555-1164
Jeremiah,Brown,karen.tyler165@example.com,hx6DCCrA9$5*,9/5/1998,"36167 Patrick Ford Gallagherfurt, OH 91567",555-1165
Brandon,James,christopher.whitney166@example.com,!x5rBYXq*MTD,1/1/2003,"577 Anthony Road New Philip, WY 88040",555-1166
Jeffrey,Johnson,susan.hernandez167@example.com,5jSC#pv!S)1m,10/29/2000,"04822 Amber Views Calderonshire, UT 05257",555-1167
Gloria,Hernandez,heather.graham168@example.com,*cv_q6UW$5Nl,3/8/2005,"55190 Medina Route Suite 429 Jacksonbury, MT 93358",555-1168
Crystal,Collins,amber.preston169@example.com,J2gwm@sk(6XA,12/8/1998,"1263 Bradley Trace Port Frederickside, MS 39659",555-1169
Jason,Goodwin,tasha.rodriguez170@example.com,yMBm^8gE)3Dt,6/20/1998,"7701 Elizabeth Causeway Apt. 704 Lake Mariahton, RI 50669",555-1170
Andrew,Lee,george.willis171@example.com,7axkvKuj@2S7,11/5/2000,"395 Diana Via Apt. 236 Beckermouth, AS 19911",555-1171
Katie,Campbell,jennifer.good172@example.com,Qt!6O9P1a!!N,7/25/2004,"673 William Track Suite 715 Lake Ericland, UT 46563",555-1172
Craig,Gonzalez,eduardo.price173@example.com,Aeb4TBomTpF$,9/27/2001,"92297 Miller Circles Lake Tiffanyborough, ID 06112",555-1173
Nathan,Jenkins,olivia.murphy174@example.com,y^w91Y8Jzm)i,8/10/2001,"864 Ray Forges Coxborough, PA 13122",555-1174
Eric,Hayes,scott.yu175@example.com,!a6^QP&o$Ie%,2/3/1999,"72029 White Pines Apt. 682 Port Molly, CO 68533",555-1175
Andrew,Wallace,gregory.hayes176@example.com,Exr9Nlw0WJb!,11/16/1994,"97083 Samantha Course Davisborough, AL 39960",555-1176
Tracey,Robbins,ariel.williams177@example.com,_8rcT*_pE(JQ,3/13/2005,"2575 Aaron Forges Apt. 233 Anthonyfurt, WA 59135",555-1177
Anthony,Long,gerald.ballard178@example.com,)^n+4Y)mZ6@$,10/4/2004,"125 Christopher Divide Suite 238 West Zacharyfort, MI 52451",555-1178
Dominique,Evans,dustin.shah179@example.com,1$T(&9Me_YDW,10/29/1997,"665 Amber Forges Apt. 863 Greenfurt, IN 83790",555-1179
Travis,Smith,jesus.carter180@example.com,^SwpHKpB8F6k,9/8/2006,"385 Jennifer Viaduct Vanessaside, OK 24049",555-1180
Sandra,Lozano,valerie.reed181@example.com,_0Cb(^sYr3XQ,11/30/2006,"7900 Christina Village Apt. 297 Carrillomouth, CT 02553",555-1181
Sarah,Edwards,jessica.moreno182@example.com,l#p3jI#pe%y0,12/15/2002,Unit 7874 Box 4894 DPO AP 18175,555-1182
Angela,Cole,dustin.gonzalez183@example.com,%p94O0ffdo$0,2/14/1996,"979 John Drive Suite 914 South Seanhaven, AS 82106",555-1183
Kenneth,Walker,david.hall184@example.com,M5q*BlSF^e*p,8/31/1998,"6215 Barbara Prairie Apt. 539 Sampsonbury, GU 25385",555-1184
Patricia,Bowman,robert.bryant185@example.com,rP@86Y*g%^O^,12/7/2003,"0690 Hoffman Knolls Suite 306 Newtonshire, NM 27301",555-1185
Joseph,Shaw,brittany.baker186@example.com,Q2o9+ahb$P%9,11/29/1999,"94620 Danielle Falls Newmanfurt, FL 04439",555-1186
Kyle,Jones,emily.johnson187@example.com,K_noU#sS0pc5,7/11/2003,"43614 Jasmine Forge West Angel, SC 04676",555-1187
Raymond,Sanchez,jason.jenkins188@example.com,FR$4TTGy8)Yu,4/18/2005,"7022 Sims Via Suite 221 Tammyside, AL 19388",555-1188
Paul,Bowen,willie.johnson189@example.com,@6(OdvJmX6fG,12/3/2005,"7513 Duarte Prairie Daveport, NE 21944",555-1189
Jillian,James,james.turner190@example.com,*VSzg&&P1pRx,10/9/1997,"31623 Daniel Stream Suite 713 Perkinsmouth, NH 14613",555-1190
Carl,Miller,daniel.evans191@example.com,DM9IfvJi)_1Q,11/5/1994,"31285 Lester Road Apt. 413 New Danabury, SC 93339",555-1191
Thomas,Nelson,victor.curtis192@example.com,&3cVL^fuCCbF,6/18/1994,USS Huff FPO AP 87176,555-1192
Kevin,George,nicholas.gordon193@example.com,^Ql9PwgR%d^G,10/3/1996,"692 Susan Pike Port Gerald, OH 47491",555-1193
Anthony,Adams,matthew.dennis194@example.com,E8w&fxYqeUIU,7/30/2003,"66627 Frey Views Suite 987 Kellyton, PW 07654",555-1194
Jade,Gutierrez,caitlin.boyle195@example.com,)Scu*Xl6^5Le,7/7/2003,"765 Nichole Expressway Suite 779 East Jonathan, HI 80947",555-1195
Nicholas,Oconnor,richard.mitchell196@example.com,55xIlRkr!fWl,9/11/2003,"42757 Gonzalez Lock Suite 815 Port Amy, NC 77347",555-1196
Charles,Mason,kurt.farmer197@example.com,&!v8RryZ%rwf,9/17/1998,"15834 Gross Landing Suite 019 East Brianchester, WY 70726",555-1197
Shannon,Berry,joshua.kelly198@example.com,vJS#6^Ma3(1%,4/13/1996,"799 Sandra Spurs Rebeccaland, KS 63921",555-1198
Bradley,Smith,keith.howe199@example.com,8^O4TzTe+HLG,10/26/2006,"52336 Carlos Wells New Karina, AR 65805",555-1199
Kenneth,Thomas,justin.jackson200@example.com,wZ@ZhUnz^5Sq,3/16/2004,"7918 Kayla Rapid Suite 203 Oconnellbury, IA 12460",555-1200
